Patient ID,Name,Gender,Username,Password,Date of Birth,Contact Number,Contact Information,Blood Type
p10017,Bob Stone,Male,bStone,7e8679735784f88345d78ab8a1526c2e4e48911ef78afa588967f508dd6a7c8b,2002-08-09,91111116,stonebb@gmail.com,B+
p10004,Karen Lee,Female,kLee,2ace8951e6436f77109ef0956ce9000f75abfa2ddff2e0230bd36fee1f4ab67e,1983-01-30,81111114,karen.lee@example.com,B+
p10015,James Walker,Male,jWalker,441a3cc0b6e019b2232d6e788bf703e127ef5fb2f7bf0812b45902e2056a6d80,1985-07-10,91111114,james.walker@example.com,O+
p10013,Jasmin Chia,,jasmi355,01cb92dfff4091c2bee0f343b2af049fb39b45c08a1e5132b834e12e037d919d,2001-04-14,null,null,null
p00021,Jamie Lee,Female,jamie273,ef92b778bafe771e89245b89ecbc08a44a4e166c06659911881f383d4473e94f,2002-08-23,98976393,null,null
p00020,Daniel White,Male,dWhite,ef92b778bafe771e89245b89ecbc08a44a4e166c06659911881f383d4473e94f,1998-05-06,91111119,daniel.white@example.com,AB-
p10010,Jack Wilson,Male,jWilson,441a3cc0b6e019b2232d6e788bf703e127ef5fb2f7bf0812b45902e2056a6d80,1999-10-15,81111120,jack.wilson@example.com,A+
p10021,Yves Tan,,yvest495,2bcee0fa22434e848968f681654934e49067e4712b0148641d0b4e4020d18190,1957-02-04,82222222,,
p10018,Mona Scott,Female,mScott,ca012ee6d03fab0537b6388489550b07341599bcf7c73defa417736bc8595725,1966-04-03,91111117,mona.scott@example.com,AB+
p00009,Ivy Martinez,Female,iMartinez,ef92b778bafe771e89245b89ecbc08a44a4e166c06659911881f383d4473e94f,1990-06-03,81111119,ivy.martinez@example.com,O+
p00008,Sarah Young,Female,sARAH,ef92b778bafe771e89245b89ecbc08a44a4e166c06659911881f383d4473e94f,2000-01-14,81111118,sophia.young@example.com,O-
p00019,Sophia Young,Female,sYoung,ef92b778bafe771e89245b89ecbc08a44a4e166c06659911881f383d4473e94f,2000-01-14,91111118,sophia.young@example.com,O-
p00001,Lucas Miller,Male,lMiller,ef92b778bafe771e89245b89ecbc08a44a4e166c06659911881f383d4473e94f,1993-04-05,81111111,lucas.miller@example.com,A+
p00012,Emily Carter,Female,eCarter,ef92b778bafe771e89245b89ecbc08a44a4e166c06659911881f383d4473e94f,1995-02-20,91111112,emily.carter@example.com,A-
p00011,Charlie White,Male,cWhite,ef92b778bafe771e89245b89ecbc08a44a4e166c06659911881f383d4473e94f,1990-07-08,91111111,charlie.white@example.com,O-
p00003,Olivia Smith,Female,oSmith,ef92b778bafe771e89245b89ecbc08a44a4e166c06659911881f383d4473e94f,1996-09-18,81111113,olivia.smith@example.com,B+
p00014,David Johnson,Male,dJohnson,ef92b778bafe771e89245b89ecbc08a44a4e166c06659911881f383d4473e94f,1962-03-29,91111113,david.johnson@example.com,AB+
p00002,Charlotte Moore,Female,cMoore,ef92b778bafe771e89245b89ecbc08a44a4e166c06659911881f383d4473e94f,1994-12-02,81111112,charlotte.moore@example.com,O-
p00013,Alissa Chiew,,acheiw,ef92b778bafe771e89245b89ecbc08a44a4e166c06659911881f383d4473e94f,2004-01-04,91231111,null,null
p00005,Alice Brown,Female,aBrown,ef92b778bafe771e89245b89ecbc08a44a4e166c06659911881f383d4473e94f,1980-05-05,81111115,alice.brown@example.com,A+
p00016,Lisa Tan,Female,lisat712,ef92b778bafe771e89245b89ecbc08a44a4e166c06659911881f383d4473e94f,2004-12-12,91111115,lisa@exampl.com,A
p00004,Alisa Chua,,alisa864,ef92b778bafe771e89245b89ecbc08a44a4e166c06659911881f383d4473e94f,2002-04-05,null,null,null
p00007,Maison Harris,Female,mHarris,ef92b778bafe771e89245b89ecbc08a44a4e166c06659911881f383d4473e94f,1988-08-22,81111117,matthew.harris@example.com,A-
p00006,Lisa Davis,Female,lisad165,ef92b778bafe771e89245b89ecbc08a44a4e166c06659911881f383d4473e94f,1992-11-11,81111116,lily.davis@example.com,B-
